"tweet_id","user_description","filtered","text","hashtags"
78465,"Distrust of the government isn’t baseless cynicism. It’s realism. 🔥Trudeau",TRUE,"@MichaelChongMP @globalsugarwar Imagine having the audacity to tout that he is able to produce a #CovidVaccine in C… https://t.co/ibAEJSsPoJ","'CovidVaccine'"
78734,NA,TRUE,"When the rest of the world is distributing #CovidVaccine, #ChildrenOfTigray are starving by the millions with almost no medical care to save them from common illnesses. @USUN @UNHumanRights @G7 @NATO @Haavisto @JosepBorrellF @EU_Commission @SecBlinken @WFP https://t.co/56viz6Lp6c","'CovidVaccine', 'ChildrenOfTigray'"
48670,"Father. Husband. Runner. Craft Beer. Raising money for Child Advocates as part of #RunForAReason. Donate here: https://t.co/vxP2FIISRV",TRUE,"Interesting read from the ⁦@washingtonpost⁩. #vaccineswork #getthejab #covidvaccine  https://t.co/MVX4S0IfM4","'vaccineswork', 'getthejab', 'covidvaccine'"
98184,"NO WHITE SUPREMACY! Female;Retired;Humanist;Vet; Trek;Whovian;Tennant;Capaldi;BigFinish; Shakespeare;Classical Music;Opera;Beatles;Queen",TRUE,"My 90 year old Mom is over 2 weeks out from her 2nd COVID shot and she is so excited about being able to go to the… https://t.co/DBnCjywDK9",NA
17036,"Doctor, mother, wife, woman LIVING with metastatic breast cancer. Grant reviewer. Conference goer. METAvivor board member. She/her. I'm #NotDeadYet",TRUE,"@ErikaHamilton9 Every one working in a hospital/clinic/rehab/urgent care/any healthcare facility from the CEO to the docs to the nurses to the therapists to the cafeteria staff to the janitors - EVERYONE - should get the #CovidVaccine otherwise patients are vulnerable. #GetVaccinated #MaskUp","'CovidVaccine', 'GetVaccinated', 'MaskUp'"
1074,"Social media and digital comms at @PATHtweets. Formerly at @fhi360. Feminist. Bread enthusiast. Dog mom. Views = mine. she/her",TRUE,"So excited to be getting my #COVIDVaccine here next week! #VaccinesWork https://t.co/SJRMjmbthw","'COVIDVaccine', 'VaccinesWork'"
9317,"Neurology Resident. Med-webhead. Montréalais. #injusticehasacure #HealthEquity",TRUE,"I had a fever up until 36 hours after the second dose of the #CovidVaccine, (thanks to IL-1, IL-6 and TNF-α). 

Still beats being intubated.","'CovidVaccine'"
53169,"HIV/AIDS | Global/Public Health | Immigrant/Refugee Health | Reproductive/Sexual Health | Interim Associate Dean for Research | Opinions My Own |",TRUE,"Some good news via @daktari1 #COVID19 #vaccines #CovidVaccine https://t.co/G1JtWFWKhz","'COVID19', 'vaccines', 'CovidVaccine'"
96123,"Helping New Yorkers connect to low barrier, safe, and verified resources and assistance at https://t.co/g2MiCcxckg.",TRUE,"Our oldest Listing Partner is now providing the #CovidVaccine!  

Get yours any Tuesday, Wednesday, and Thursday! 

Thanks @HolyApostlesNYC for ensuring every New Yorker stays safe! https://t.co/aT5EHL0FMh","'CovidVaccine'"
39411,"Biden Harris♥️",TRUE,"Another new #coronavirus variant have been detected in the UK which has a mutation that may help it escape immunity… https://t.co/33TMeu3zXN","'coronavirus'"
9274,"Hourly updates on FREE and PAID 18+ and 45+ vaccine slot availability across #Bengaluru BBMP,URBAN & RURAL",TRUE,"45+ #RURAL #Bengaluru #CovidVaccine Availability for 25/04 at 12:30PM
FREE Slots 0
PAID Slots 0","'RURAL', 'Bengaluru', 'CovidVaccine'"
83017,"I believe that there is much more to life than the daily grind. I use spirituality, psychology and human development theory as important ways to look at life",FALSE,"I am telling you, when you have a task to do, you have to focus. Pick out the helpful voices and ignore the trouble… https://t.co/lvqh0f2V7H",NA
40121,"–Official– • Author • Actor, • Singer • CF-L1 Trainer • Fight Choreographer! • 💗💛💙⚒",TRUE,"In just 2 brief hours, I will have received my first microchip :) hit me up for that 5G 💕🤖💉🦠 #SoExcited #CovidVaccine #TeamModerna","'SoExcited', 'CovidVaccine', 'TeamModerna'"
55938,"We are part of @NHSSELondonCCG, responsible for planning, buying and monitoring healthcare services for Lewisham people.",TRUE,"The #COVIDVaccine is the best way to protect yourself, your loves ones and your community from the virus. 

You can #GetVaccinated today at one of our many walk-in clinics. Find one near you 👉 https://t.co/4xKobisGDQ
#Lewisham #LDN https://t.co/UXT5ZFRiEV","'COVIDVaccine', 'GetVaccinated', 'Lewisham', 'LDN'"
91598,"Vubble creates video data training sets and provides AIaaS for video discovery and distribution #TechForGood #MachineLearning #AI #SmartVideo",TRUE,"Australia's vaccine rollout is about to begin. So what happens next? https://t.co/Nl1nwfK8jQ via @abcnews 

🇦🇺🌏💉… https://t.co/dpZByXZC4d",NA
33353,"We’re volunteers. We’re your neighbors.  We’re committed to Democratic values and good government. Bullying is not tolerated.",TRUE,"Gov. Wolf: Vaccine is strategy to fight COVID-19, not shutdowns #COVID19 #CovidVaccine #Omicron 
https://t.co/dDZCsEzAM3","'COVID19', 'CovidVaccine', 'Omicron'"
97931,"Lead developer of REDCap software @VUMChealth",TRUE,"I got my #CovidVaccine today (dose #1). 🎉 So thankful to work at @VUMChealth and grateful for what Vanderbilt means… https://t.co/wDNr7Jxcoj","'CovidVaccine'"
59556,"The Official flag of NI is the Union Flag -     
 🏴󠁧󠁢󠁥󠁮󠁧󠁿🏴󠁧󠁢󠁳󠁣󠁴󠁿🏴󠁧󠁢󠁷󠁬󠁳󠁿 🇬🇧 
Always forgive your enemies; nothing annoys them so much.",TRUE,"Danish professor: mRNA vaccine study sends 'danger signals' https://t.co/oRvUeGZW2L via @YouTube 
#bbcnews #skynews @gbnews @Johnincarlisle #CovidVaccine","'bbcnews', 'skynews', 'CovidVaccine'"
5546,"Real estate agent representing clients in Orange County in sunny Southern California! Sellers, buyers, resale homes, custom homes, new homes.",TRUE,"Spoke w/someone who works in a pediatric dept:  says they are seeing HUGE # of blood clots/other adverse affects in kids &amp; data being compiled by Kaiser w/not be shared 'til 2023. Truth matters. https://t.co/0AKkCFzRRX #covid #CovidVaccine","'covid', 'CovidVaccine'"
48901,"We are part of @NHS_NELCCG responsible for healthcare services for people in Hackney and City of London",TRUE,"👻Don’t get a fright this #Halloween. Whether you’re due your first, second or booster, get your #COVIDvaccine ! Book now: https://t.co/RrVHIxzzqF https://t.co/1LsWqrP1GH","'Halloween', 'COVIDvaccine'"
2473,"Bringing together the UK clinical vaccine community to facilitate co-operation within the vaccine arena. Register now for this year's #COVIDvaccine conference!",FALSE,"Joining us next week is Dr Susanne Hodgson, an Academic Clinical Lecturer in Infection at the University of Oxford.… https://t.co/OeId19BZ83",NA
53222,"Editor-in-chief: @bhekisisa_MG. Email: miam@bhekisisa.org. Subscribe to our newsletter: https://t.co/z8Xyzi2e60",TRUE,"5. The @WHO says for a #CovidVaccine to be effective enough to be widely deployed, the efficacy should be at least… https://t.co/vl7KBXLutn","'CovidVaccine'"
42704,"Husband, father, MLA for Rossmere. (Authorized by Official Agent for Andrew Micklefield)",FALSE,"😷 It's been a year since the invisible virus began to affect the world in visible ways. Healthcare workers and teac… https://t.co/ULZ9TVVQQi",NA
17440,"Immunity: Natural/Pure Blood
Vaccination Status:  Uncompromised
Not an Anti-vaxxer, just an 'Anti-Experimental'  so called vax kinda guy!",TRUE,"Let's unseat the unworthy major parties... the only way to change this shitshow is vote them out!!!

#auspol #COVID19Vic #COVID19Aus #COVIDVaccine #COVID19 #auspol2021 #CovidUK #covid19sa #covid19nsw #covid19qld #covid19wa #covid19nt #covid19tas https://t.co/RKEFqjGr4S","'auspol', 'COVID19Vic', 'COVID19Aus', 'COVIDVaccine', 'COVID19', 'auspol2021', 'CovidUK', 'covid19sa', 'covid19nsw', 'covid19qld', 'covid19wa', 'covid19nt', 'covid19tas'"
21514,"UNC Health is proactively focused on healthy-based, personalized care, changing people’s lives for the better.",TRUE,"Pregnant &amp; breastfeeding women have many things to consider relating to their health and the #covidvaccine. We talked to five local moms who got vaccinated to find out why. #COVID19 #delta 

https://t.co/Ch7msBl4gd","'covidvaccine', 'COVID19', 'delta'"
57333,"Reporter @ TEGNA’S FOX43 in PA Capitol region; 2x Edward R Murrow & Emmy Winner; Journalist by day, yoga pants wearer by night. PSU Alum/PGH born/HBG grown",TRUE,"""""We all need to do better,"""" says @SecretaryLevine as nationwide 22,137,350 doses of COVID-19 vaccine have been dist… https://t.co/Q9LtCfgV4x",NA
68746,"i like computers, languages and cute dresses with pockets // she | her",TRUE,"It's Not Where You Start, It's Where You Finish https://t.co/ubjgRugSIK #EndOfYear #endof2020 #2020IsOverParty  #CovidVaccine","'EndOfYear', 'endof2020', '2020IsOverParty', 'CovidVaccine'"
59938,"Welcome to the Official Twitter page of First India Newspaper. 📱Download Official App: https://t.co/xZ74qPVbRa",TRUE,"#FILuknow | Officials working overtime to meet #COVID vax target

READ:https://t.co/Mmzvj7SWcd

#UttarPradesh #Lucknow #COVID19 #CoronaUpdate #COVIDvaccine https://t.co/MkEP5Hz96W","'FILuknow', 'COVID', 'UttarPradesh', 'Lucknow', 'COVID19', 'CoronaUpdate', 'COVIDvaccine'"
55198,"Union Minister for Health & Family Welfare, Science & Tech, Earth Sciences, Govt of India. ENT Surgeon. Chairman, Exec Board, WHO. Author - A Tale Of Two Drops.",TRUE,"For now, If you belong to any of following categories, you should avoid #COVIDVaccination

🔸Had a reaction to previ… https://t.co/3hJBdig4RG","'COVIDVaccination'"
49585,"Your Preferred Source of Instant News from Uganda & East Africa. https://t.co/A7YCKjtLsl Call Us: 0393517291 IJ Complex, Suite IJ4. Mbogo Rd Kiwatule, KLA",TRUE,"Kalungu West MP Pushes for Uganda-UK Talks to Solve Vaccine Shortage
#ChimpReportsNews #COVIDVaccine @mofpedU @MinofHealthUG @MatiaK5 @GovUganda #Uganda #News 
https://t.co/EjzmK3quDP https://t.co/GhekLMzxtH","'ChimpReportsNews', 'COVIDVaccine', 'Uganda', 'News'"
76643,"Life isn't about waiting for the storms to pass. It's about learning to dance in the rain. ❤",TRUE,"#Covid vaccine will be the second life saver by #Russia, Vodka 
will still remain the first!! 
#CovidVaccine… https://t.co/II5Y9GvzgW","'Covid', 'Russia', 'CovidVaccine'"
57193,"Latest news and updates from Nottinghamshire County Council. Not monitored 24/7 but we'll respond ASAP. Other ways to contact: https://t.co/r8wgrDpuvb",TRUE,"💉 Covid-19 vaccines are safe 💉

Did you know that vaccines go through several stages of lab testing and clinical trials before they are given to the public?

If you’re aged 18 and over you can get the vaccine  ➡️ https://t.co/ZZ4B7OQOPG 

#CovidVaccine #StaySafeNotts https://t.co/XD2qhpryTI","'CovidVaccine', 'StaySafeNotts'"
70685,"If something on Odisha is not on https://t.co/tklvVwUTgF, it is unlikely to be elsewhere...

Join us on Telegram:  https://t.co/Hu7tZ0QKiH
Follow us on Facebook: https://t.co/EYZelyrCNf",TRUE,"Russia announces 'world's first' COVID-19 vaccine, Putin's daughter inoculated

#Russia #RussianVaccine… https://t.co/vIqeEK1wWm","'Russia', 'RussianVaccine'"
72652,"In a Time of Universal Deceit — Telling the Truth Is a Revolutionary Act",TRUE,"#Covid19: Researcher blows the whistle on data integrity issues in #Pfizer’s vaccine trial
BMJ 2021; 375

https://t.co/aj3ZvZWGdY

#COVIDTruth #COVIDVaccine #HoldTheLine #LeaveOurKidsAlone","'Covid19', 'Pfizer', 'COVIDTruth', 'COVIDVaccine', 'HoldTheLine', 'LeaveOurKidsAlone'"
95148,"We are @NHSEngland and @NHSImprovement working together in the North West. This account is only monitored between Monday-Friday 9am-5pm.",TRUE,"Planning your next holiday abroad? 
Travel is safer and easier when you’ve had two doses of the #CovidVaccine and a booster dose. Book your vaccine today at https://t.co/yhGKGBC0N9 or find a walk-in vaccine clinic at https://t.co/ozIlGsdtSN https://t.co/O9fPpfHC6Q","'CovidVaccine'"
24210,"22News Investigative Reports @WWLP22News",TRUE,"U.K. approves new COVID-19 vaccine to help stop spread of mutated strain  https://t.co/2fXRSkhdN8  #COVID19 #CovidVaccine #CovidUK","'COVID19', 'CovidVaccine', 'CovidUK'"
80335,"Follow for Breaking News and अनCUT videos that impact you.",TRUE,"India's First: Govt #AEFI Panel Confirms Death Of Person After #CovidVaccine Dose 
https://t.co/iGr4Rp2peK","'AEFI', 'CovidVaccine'"
15872,"ABC4 News and https://t.co/GqycyVe7nH | The latest news, weather, programming information, and special offers from your local station KTVX.",TRUE,"Here's the 4 things you should before getting your kids vaccinated. #COVID19 #COVIDVaccine https://t.co/nzEruSFq02","'COVID19', 'COVIDVaccine'"
92496,NA,TRUE,"Why does Pfizer need full immunity for “possible side effects” #pfizer #brazil #Biontech #CovidVaccine https://t.co/cDhvzeQCMq","'pfizer', 'brazil', 'Biontech', 'CovidVaccine'"
56917,"Your News in Your World on Jacaranda FM. Contact us on 011 063 5746/7/8",TRUE,"'Gen Z' gets the nod to get the jab from Friday
https://t.co/nzGdPWYhuo

#CovidVaccine https://t.co/bZvv1KJXp4","'CovidVaccine'"
14255,"Just an old country doctor and Immediate Past-President of the Ontario Medical Association.",FALSE,"This would seem to be #Manitoba's way of saying F.U. to @JustinTrudeau .  At the very least, a strong vote of non-c… https://t.co/h4FTa5ePdU","'Manitoba'"
37138,"India's first international news journal. Bringing news from around the world. Protecting democracy and promoting free speech.",TRUE,"The """"E484"""" strain is the most dangerous ... Pfizer and Moderna explain why the vaccine is effective against the mut… https://t.co/SFfOfk7ss2",NA
56878,"India's Fearless National Mind",TRUE,"'India Deeply Honoured To Meet Healthcare Needs Of Global Community': PM Modi 
#PMModi #CovidVaccine 
https://t.co/ia9apetebr","'PMModi', 'CovidVaccine'"
66148,"Lawyer turned writer: Original Jurisdiction, https://t.co/t9fbJKZfNZ. Founder, AboveTheLaw/@ATLblog. Author, @SCOTUSambitions. Survivor, #COVID #ventilator.🏳️‍🌈",TRUE,"2/ """"Each casualty is made even more poignant by the celebratory vaccine selfies on my phone and the knowledge that… https://t.co/h9LnZvvtfO",NA
6811,NA,TRUE,"Ok, getting my second dose tomorrow afternoon. I’m so thankful! But I’m so nervous too. I’m worried about side effects. Being alone right now really sucks. Fingers crossed for minimal side effects #CovidVaccine #SecondDose","'CovidVaccine', 'SecondDose'"
38739,"Breaking news reporter at @torontodotcom. @HumberJRNL alum. Sports fan. Story idea? DM or email: adandrea@toronto.com",TRUE,"Good morning, #Toronto.

Today's forecast: 13C and partly cloudy.

Tonight: 10C with 70% chance of rain.

#ICYMI from me for @torontodotcom - New Toronto vaccine finder launches to help residents book appointments:
https://t.co/rnAuqTknPi #COVID19 #CovidVaccine","'Toronto', 'ICYMI', 'COVID19', 'CovidVaccine'"
90270,"News about COVID-19",TRUE,"Double Jabbed. #CovidVaccine  (@TobiasOGForrest) https://t.co/Jl043EYKwK","'CovidVaccine'"
16678,"Follow @ETPanache for the latest on #fashion, #tech, #celebrities, #healthyliving, #lifelessons, #entertainment & more! A Times Internet Product",TRUE,"#Dharmendra also urged his fans to get vaccinated.

#Covidvaccine #boostershot  

https://t.co/JmqVe0e0e5","'Dharmendra', 'Covidvaccine', 'boostershot'"
68999,"Top mortgage broker, wife mother, grandmother, FreedomFighter and life lover",TRUE,"Meanwhile here in Canada, we mix doses, shoot up pregnant women, inject kids 12 and up and going for the 5 years olds next!#CovidVaccine https://t.co/ld1h5cwOWk","'CovidVaccine'"
7454,NA,TRUE,"Congratulations to all #pharmacists of Gujarat state as their hard &amp; smart work from morning to late night for supply of #CovidVaccine also maintenance of its cold chain &amp; because of that state achieved this milestone. @mdnhmgujarat @GujHFWDept @MoHFW_INDIA @PMOIndia @CMOGuj https://t.co/mNL845LbKj","'pharmacists', 'CovidVaccine'"
72039,"Manners Maketh Man :)",TRUE,"Corona after seeing !! #CovidVaccine https://t.co/3cEhhY2eVG","'CovidVaccine'"
5842,"Using Twitter to vent my anger and making angry friends along the way.",TRUE,"The celebration of all things #GenX this week has had me singing some great tunes. If only I had a Sony Walkman to play my mix-tape💃🏻 #CovidVaccine #COVIDCanada","'GenX', 'CovidVaccine', 'COVIDCanada'"
88897,"MTFBWYA, Analyst, music lover, movie buff....Part Time Pit Bull Pillow....Father.. Survivor Fan, my Stealth R Us name is The Discerning Eye",FALSE,"Most days by the time they get on every spot is already taken. Millions of people vying for 8000 doses. Disgusting… https://t.co/9budQf4nto",NA
47071,"💋 Published Pinup Model 💄 Mommy to a Little Button 💜  ✂️ Dressmaker",TRUE,"People die from covid: “VACCINATE EVERYONE”
People die from #covidvaccine: 🦗🦗🦗🦗🦗🦗","'covidvaccine'"
10082,"🇨🇦 🍁 Outdoor & animal enthusiast! Love my family my dog & Passion Fruit tea! #cdnpoli #onpoli #blacklivesmatter #humanrights #lgbtq 🏳️‍🌈",TRUE,"“Doug Ford got this pandemic all wrong”… 👇👇👇👇👇👇👇👇👇#VoteFordOut2022 #Omicron #CovidVaccine #COVID19 #onpoli @fordnation @mini_bubbly #cdnpoli https://t.co/FrK5Q6BDwR","'VoteFordOut2022', 'Omicron', 'CovidVaccine', 'COVID19', 'onpoli', 'cdnpoli'"
4406,"The biggest daily in the nation's capital",TRUE,"One in five Americans think the COVID vaccine is used to implant microchips: poll 
#covidvaccine #COVID19  https://t.co/GQIgCS2xJ5 https://t.co/tOXhG2NXRQ","'covidvaccine', 'COVID19'"
8748,"Pediatrician. My opinions are my own. She/her. @MomsDemand #Vaccinated",TRUE,"@jared_girl88 @jarpad Congratulations!!  ACOG and CDC recommend pregnant women get the #COVIDVaccine.  It protects you and provides antibodies to Sam.","'COVIDVaccine'"
49761,"Tweeting mainly on American politics🇺🇲 from a conservative Christian perspective AND on my favorite soap, #GH 🙌🙌💖",TRUE,"Given the chance of death or other complications caused by the vaccine, it should NEVER be mandated and should be a CHOICE for every human being. NO sanctions should EVER be taken against those who choose not to get it!!! #CovidVaccine https://t.co/O4P0ERrcQA","'CovidVaccine'"
20153,"Sow Something To Eat 💞 USA 🇺🇸",FALSE,"#BlackHistoryMonth ancestors allowed the descendants of the serpent seeds to inject a concoction of poison into the… https://t.co/BNEt5ZUBDO","'BlackHistoryMonth'"
42429,NA,FALSE,"#Scottythefukwit is all ab #ScottyTheAnnouncer NO follow up And #Morrison #LibDonor who owns AZ should not BE GIVEN… https://t.co/muSnnkzhbS","'Scottythefukwit', 'ScottyTheAnnouncer', 'Morrison', 'LibDonor'"
14971,"Representing health plans across NYS that provide health coverage to 7+ million New Yorkers.",TRUE,"Today's #CovidVaccine fact. @ImmuneNY https://t.co/d9nVvHTk9e","'CovidVaccine'"
97340,"Keeping kids and families healthy and safe in Red Bank Borough! #RBBisBIA #RBWell #FFVatRBPS",TRUE,"Happy faces all around! 😊@DreamBigRB @RedBankSup @rbpsEAGLES @rbmsROCKETS #covidvaccine #RBwell #wegotthis https://t.co/cyh9NO06st","'covidvaccine', 'RBwell', 'wegotthis'"
48561,"snowflakes melt",TRUE,"Percentage administered = rate your Governor. #Coronavirus #CovidVaccine #COVID19 #vaccine https://t.co/zdQhJryPKj","'Coronavirus', 'CovidVaccine', 'COVID19', 'vaccine'"
72141,"New Jersey Association of Mental Health and Addiction Agencies, Inc. (Retweets ≠ Endorsements) #mentalhealth #fightstigma",TRUE,"Click here to access a list of #CovidVaccine distribution sites: https://t.co/xHwDlmYJ7G","'CovidVaccine'"
79545,"Interests #Writing #Theatre #InteriorDesign #Cats  #Cinema #CityLiving  #Bentleys :o]",FALSE,"Soooo grateful to NHS today and volunteers here in Manchester, first dosage as I qualified under Clinical Vulnerabl… https://t.co/uOnSUv4DYo",NA
93589,"Hourly updates on FREE and PAID 18+ and 45+ vaccine slot availability across #Bengaluru BBMP,URBAN & RURAL",TRUE,"45+ #URBAN #Bengaluru #CovidVaccine Availability for 17/01 at 09:30AM
FREE Slots 0
PAID Slots 0","'URBAN', 'Bengaluru', 'CovidVaccine'"
37858,"Human. Free Thinker. Met Mandela. Personal. Family. Community. Funded Successful Drug to prevent Latent TB..Bill Gates turned us down...he is the wanker not I..",TRUE,"You know it is a bad year when you see a sign like this.... #covid19 #CovidVaccine #Covid #usa #uk #ireland… https://t.co/M4nzcnFHLl","'covid19', 'CovidVaccine', 'Covid', 'usa', 'uk', 'ireland'"
70823,"Proud Canadian. Western Alum. Skipped school April 7th, 1977. Not a Cat #OneTermFord 🇨🇦❤️🇨🇦",TRUE,"Reminder:

Starting on Monday, December 13, 2021 at 8:00 a.m., individuals aged 50 and over will be eligible to schedule their booster dose appointment. #CovidVaccine #onpoli","'CovidVaccine', 'onpoli'"
14622,"Software Engineer || Equity Trader || Investor || Biker || Common Man || Stay Grounded || Madurai to Bangalore || RT's not endorsements || Tweets are personal😎",TRUE,"#TamilNadu #COVIDVaccination Details on 3rd July

#Age wise details of #COVID19Vaccination

18 - 44 = 73,11,326
45 - 60 = 53,10,179
Above 60 = 35,75,996
Sites Conducting #Vaccination - 1,321 (1,211 #Government + 110 #Private)

#coronavaccination #CovidVaccine #Delta","'TamilNadu', 'COVIDVaccination', 'Age', 'COVID19Vaccination', 'Vaccination', 'Government', 'Private', 'coronavaccination', 'CovidVaccine', 'Delta'"
82320,"🧟‍♂️Back To Ballin' Pt. 1 • link in bio • on all streaming platforms 1/15",FALSE,"I'm living the #healthylifestyle alerts up for #healthcare #HealthCareHeroes #healthcareworkers as we overcome 😷… https://t.co/bG4b7M5Lb6","'healthylifestyle', 'healthcare', 'HealthCareHeroes', 'healthcareworkers'"
87763,"It’s easier to fool people than to convince them they’ve been fooled",TRUE,"Conclusion: The vaccines don't prevent serious diseases, but you could potentially die from their side effects.
Wha… https://t.co/QGtEKJ47tv",NA
90323,"Leader in #HealthIT.  Let's talk about #digitaltransformation, #valuebasedcare, #ptexp, #populationhealth, #interoperability, #EHRusability, & #burnout.",FALSE,"I hope @GovChrisSununu is successful with this. The issues with VAMS could be seen coming miles away, and they can… https://t.co/8MuX4CW5Vi",NA
90156,"Connecting dots to transform health - #AI | #Biopharma | #Digitalhealth | #HIT | #MedicalDevices | #PlanetaryHealth | @medikalife @healthtechworld @HCNowRadio.",TRUE,"Which Fully Vaccinated Adults Are Most at Risk of Severe #COVID? 

#CovidVaccine #OmicronVariant 

Study examines which factors did, and didn't, play a role in risk.

https://t.co/AaLr4CGJ6D","'COVID', 'CovidVaccine', 'OmicronVariant'"
6073,"Unscripted social commentary/satire in 60 second vids/240 characters. All opinions are solely my own. RT/Follow/Enjoy. Free Speech=Democracy=Freedom 👍",TRUE,"All this talk of #CovidVaccine and key workers. Got a invite from this doctor. Press play and feel free to share it… https://t.co/0xX4DHDgfM","'CovidVaccine'"
80226,"Official Twitter for WyNG. More than 3,000 Soldiers and Airmen proudly serving Wyoming and the nation. Following doesn't equal endorsement.",FALSE,"Master Sgt. Jackie Marshall interviews Staff Sgt. Nolan Budweg, as he shares his experience about receiving the COV… https://t.co/BPYpPipp5x",NA
31406,"HFI is an NGO involved in the design and management of health and social development programs. Join us build communities of wellness!",TRUE,"(cont.) #Covidvaccine #VaccineWorks #hfi #healthfutures #ALAGAKA","'Covidvaccine', 'VaccineWorks', 'hfi', 'healthfutures', 'ALAGAKA'"
74847,"Citizen engagement platform of Government of India, giving people the opportunity to work towards Surajya with their ideas & grass root level contribution.",TRUE,"Even after getting the #COVIDVaccine, you MUST wear mask because there might be near &amp; dear ones who have not yet been #Vaccinated: Dr Randeep Guleria, Director AIIMS Delhi #IndiaFightsCorona","'COVIDVaccine', 'Vaccinated', 'IndiaFightsCorona'"
85105,"𝗧𝗵𝗲 𝗦𝗶𝘇𝘇𝗹𝗲 𝗥𝗲𝗽𝗼𝗿𝘁©️ is a member of Society of Professional Journalists @spj_tweets, Fuel The Sizzle Report: https://t.co/AjXEvx8hGV",TRUE,"♦️CNN highlighted the fact that refusing to take the coronavirus vaccine can lead to life-threatening consequences, permanent disability and death.

♦️Encourage your family, friends, co-workers &amp; neighbors to be safe &amp; get vaccinated.

#vaccinated 

#DeltaVariant #CovidVaccine https://t.co/qgLKT1Zpfr","'vaccinated', 'DeltaVariant', 'CovidVaccine'"
20350,"Santis is a leading Canadian health care consultancy. We analyze the situation, consider the environment, and develop a tailored plan to help.",TRUE,"Full list of Ontario neighbourhoods where the COVID-19 vaccine will be available to those 18+

#CovidVaccine… https://t.co/ffMNqasGKx","'CovidVaccine'"
12159,"Feral dog mom. Cat lover. Never enough coffee or books.",FALSE,"I woke up at 2:40AM Friday in a cold sweat, shaking. My temperature was 101.7F. I had a severe headache, joint pain… https://t.co/nfeHOa4mxG",NA
40012,"I'm a bot working to find CVS & Rite Aid #Vaccine appointments in California",TRUE,"223 Rite Aids show #CovidVaccine slots in CA:
Agoura Hills
Bell Gardens
Bellflower
Canyon Country
Fresno
La Crescen… https://t.co/J9prN7Y6HX","'CovidVaccine'"
36731,"https://t.co/lEQgCckyM5 brings you the latest news with 360 degree coverage across genres

Instagram: https://t.co/CZ1MfoF4fc
Download App - https://t.co/jmdM1fNC8u",TRUE,"#DNA Exclusive: Zee News Editor-in-Chief Sudhir Chaudhary analyses if WHO is biased towards #Covaxin even as Bharat Biotech awaits its approval for emergency use lisiting.

#COVIDVaccine 

https://t.co/KaHGQwIoSC","'DNA', 'Covaxin', 'COVIDVaccine'"
47096,"Plane Vanilla is India’s first online platform for aviation news. From breaking stories to flier info to airport shopping & lifestyle...you find everything here",TRUE,"The government, however, wants airlines to fly at full capacity 
#MoCA #DGCA #IndianAviation #COVID19 #CovidVaccine 
https://t.co/9KpRFH9yy5","'MoCA', 'DGCA', 'IndianAviation', 'COVID19', 'CovidVaccine'"
46803,"#OBGYN, Medical Group Leader, health advocate, #Seattle (#Everett #Mukilteo WA).UF/FSU/Vandy alum #acog #wsma #medtwitter #SoMeDocs. Vids on https://t.co/7plxg",TRUE,"I was happy to team up with @MaryLaPlanteMD and @LannyWilson14 to speak with the @AmerMedicalAssn and help dispel myths about #CovidVaccine and #pregnancy. The vaccine is safe and effective. @ACOGAction recommends it. @everettclinic @WSMA_update #MedTwitter https://t.co/xpjBEkojhw","'CovidVaccine', 'pregnancy', 'MedTwitter'"
44016,"Tweets from The Countess of Chester Hospital NHS Foundation Trust. This page is generally monitored from Monday to Friday, between 9am and 5pm.",TRUE,"Every adult in the country now needs to get a Covid-19 booster vaccine. #BoosterJab #COVIDVaccine

📅 Book online via the national booking system: https://t.co/bd5Sib871v

🚶 Or visit the walk-in  centre at Chester Cathedral: https://t.co/sM4LbGogF8 https://t.co/xiuzquXDyy","'BoosterJab', 'COVIDVaccine'"
62826,"@NHSSELondonCCG Bexley. We're clinically led and responsible for planning, buying and monitoring health services used by people in Bexley.",TRUE,"If you’re in a priority group for the #COVIDVaccine but haven’t received an appointment yet - don’t worry. You have… https://t.co/eS4vjwZDK7","'COVIDVaccine'"
62643,"Follow https://t.co/RBTHZHv1ga for breaking news from India and around the world, live cricket updates, Bollywood gossip, travel tips and latest trends.",TRUE,"ZyCoV-D will be the sixth to be added to the #CovidVaccine basket of the country. #ZydusCadila #zydus 

https://t.co/aC9hp3ABzP","'CovidVaccine', 'ZydusCadila', 'zydus'"
39987,"Financial news publisher & college lecturer. Ex-Reuters & Bloomberg https://t.co/exQye7oLJN https://t.co/UjZrSCmVh9 Husband to artist  https://t.co/7QW3ZraWC6",TRUE,".
Braveheart investee firm Paraytec reports slight delay Sheffield Covid test - Northern Financial Review… https://t.co/bmp0uQBm4v",NA
60846,NA,TRUE,"@US_FDA Any chance the American people could get a statement on the #covidvaccine PAIs and GCP inspections?","'covidvaccine'"
7477,"Programme Manager for #philanthropytech @wellcometrust. Background in infectious diseases. @pinnpatients board associate. Expert at snapping bananas. Own views",FALSE,"This is why government and policy must follow the science. And why they must change if science provides evidence to… https://t.co/rTC68QsC1y",NA
94159,"We want everyone in mid Essex to #Livewell. For us this means developing and planning services that help support our residents lead healthy, fulfilling lives.",TRUE,"If you’re aged 50 or above and haven’t received your 1st dose of the covid vaccine yet, please book an appointment… https://t.co/Ebf4NO85nq",NA
70530,"Hourly updates on FREE and PAID 18+ and 45+ vaccine slot availability across #Bengaluru BBMP,URBAN & RURAL",TRUE,"18-44 #BBMP #Bengaluru #CovidVaccine Availability for 12/06 at 02:00PM
FREE Slots 
#COVISHIELD - Dose1:10, Dose2:6
PAID Slots 
#COVISHIELD - Dose1:1855, Dose2:98","'BBMP', 'Bengaluru', 'CovidVaccine', 'COVISHIELD', 'COVISHIELD'"
50165,"A global leader in #geriatric residential living, healthcare, research, innovation and education, with a special focus on #brainhealth and #aging",TRUE,"Baycrest is leading the operation of a #COVIDVaccine clinic in the Englemount-Lawrence area with the support of the… https://t.co/TRqK4G5ice","'COVIDVaccine'"
87992,"Truth In Science. Advocate for responsible journalism. #MedicalFreedom",TRUE,"@CDCgov jigs up. #covidvaccineFail #COVIDー19 #CovidVaccine #CovidVaccineScam https://t.co/wo0r0dZ0qG","'covidvaccineFail', 'COVIDー19', 'CovidVaccine', 'CovidVaccineScam'"
84483,"When a man loves cats, I am his friend and comrade, without further introduction. - Mark Twain",TRUE,"Got my first #CovidVaccine today. TY to @moderna_tx @JNJNews &amp; @pfizer! TY to our medical personnel &amp; volunteers!… https://t.co/72Z3ud8jnW","'CovidVaccine'"
52786,NA,TRUE,"All people need to do is #donotcomply 

#CovidVaccine https://t.co/HH9kZ3zh3d","'donotcomply', 'CovidVaccine'"
50235,"Healthwire is a leading digital platform bringing #news on Health & Wellness. We aim for a healthier tomorrow.",TRUE,"Covaxin In Questions: This Is What You Need To Know

#Covaxin #BharatBiotech #COVID19 #CovidVaccine #CoronaVaccine… https://t.co/AncOxGt4ws","'Covaxin', 'BharatBiotech', 'COVID19', 'CovidVaccine', 'CoronaVaccine'"
98226,"live fat die yum",TRUE,"Round 2 of covid vaccine done 💉 #CovidVaccine #healthcareworkers #EssentialWorkers","'CovidVaccine', 'healthcareworkers', 'EssentialWorkers'"
89257,"Dig deep and empower yourself today. Stand in your inner strength. Be uniquely you.",TRUE,"Virus Expert Just Gave This """"New Surge"""" Warning

#coronavirus #coronavirustips #news #covidvaccine
https://t.co/EhPNB7K6gG","'coronavirus', 'coronavirustips', 'news', 'covidvaccine'"
19882,"just a girl from Kenya 🇰🇪 in Aussie 🇦🇺 ||God first ||Registered nurse 🩺|| Horticulturalist || Leo♌️",TRUE,"First dose in.....#COVIDVaccine https://t.co/TUB4muOuFy","'COVIDVaccine'"
91732,"प्रदेश सचिव, सोशल मीडिया @INCUttarPradesh

देश की बात।
#DeshKiBaat",TRUE,"This time no need of #BanglayBJP need #CovidVaccine .","'BanglayBJP', 'CovidVaccine'"
62065,NA,FALSE,"Scientists at Greifswald teaching hospital claim they have discovered the cause of blood clots among a small number… https://t.co/d7VxS5Jvm3",NA
54974,"Change the world",FALSE,"DAY 11 on the ventilator. I have always believed physicians are consultants. Working with others transparently for… https://t.co/MOXXs9vaIr",NA
46390,"Scientist in ultra-civil Japan. I'm a Western Barbarian here. My views on equality, ageism, racism are often greeted with shock.",TRUE,"So, the vaccine doses @BorisJohnson? How's Jared &amp; his wife? Seen much of Tony Abbott lately? Bedlam profitable the… https://t.co/nLFQTZeYy6",NA
7865,"Professor of Microbiology and Immunology at East Carolina University in the Brody School of Medicine, views are mine #Coronavirus, #COVID19",TRUE,"COVID hospitalizations are skyrocketing in NC!  #COVID19 #Covid #CovidVaccine #CoronaUpdate #CoronaPositive #coronavirus #CoronaVaccine  @ECUBrodySOM  #Covid_19 #COVID__19 https://t.co/fOIZclUObI","'COVID19', 'Covid', 'CovidVaccine', 'CoronaUpdate', 'CoronaPositive', 'coronavirus', 'CoronaVaccine', 'Covid_19', 'COVID__19'"
95883,"ICGP Lead COVID19 +Antibiotic Resistance Irish college of General practitioners, GP at Elmwood mum ,wife love life living and having fun. https://t.co/yUNAn99QzE",TRUE,"#covidVaccine will be offered to everyone in IRL but it cannot happen overnight. There is clear rollout plan that s… https://t.co/JaNtxQwKOR","'covidVaccine'"
42162,"I'm a bot working to find CVS & Rite Aid #Vaccine appointments in California",TRUE,"484 Rite Aids show #CovidVaccine slots in CA:
Bell Gardens
Beverly Hills
Culver City
Downey
El Segundo
Fresno
Gardena
Hollywood
Los Angeles
Lynwood
Maywood
Redondo Beach
Rolling Hills Ests
Roseville
Santa Rosa
Southgate
Temecula
Venice
West Hollywood","'CovidVaccine'"
28335,"Digital Marketer + Content | @FIT Alumni",TRUE,"Present COVID Vaccine Data: as most places struggle to vaccinate even 1% of their population, in Israel 21% of resi… https://t.co/Fqh2xxwm5W",NA
55125,"Hourly updates on FREE and PAID 18+ and 45+ vaccine slot availability across #Bengaluru BBMP,URBAN & RURAL",TRUE,"18-44 #RURAL #Bengaluru #CovidVaccine Availability for 13/07 at 12:00PM
FREE Slots 0
PAID Slots 
#COVISHIELD - Dose1:36, Dose2:85
#COVAXIN - Dose1:41, Dose2:38","'RURAL', 'Bengaluru', 'CovidVaccine', 'COVISHIELD', 'COVAXIN'"
31808,"Flutter developer (Android and Web app)",TRUE,"Yeahhhhhhhhhhhhh
I am fully vaccinated.
#CovidVaccine","'CovidVaccine'"
65079,"Constitution matters, Fight for Freedom 🇺🇸, 1A & 2A, low taxes, very small Gov’t, USA 1st, secure borders, 5 kids, Formula 1 & Steelers fan - UofA Bear Down!",TRUE,"The FDA won’t approve the COVID vaccine until they see the long term effects.. to much liability. Think about that one as we have 10s of millions of test subjects….
#FDA #CovidVaccine #COVIDHealth #vaccineSideEffects","'FDA', 'CovidVaccine', 'COVIDHealth', 'vaccineSideEffects'"
33446,"Palliative doc & (on a good day) teacher of medicine. Imagining a world after capitalism & without cops. #BLM. I represent no one with these tweets. He/him/his.",TRUE,"This should be the headline about the J&amp;J #CovidVaccine #COVID19 https://t.co/cj0FrIDUqd https://t.co/f9ObKNvaYp","'CovidVaccine', 'COVID19'"
84585,"Wife, Mom, Grammy, retired union nurse. Love the beach, books & travel. I am a squeaky wheel. Proud Democrat",TRUE,"@apetrusk I had chills when I read that last line! 
So happy for her continued improvement.
#CovidVaccine","'CovidVaccine'"
97218,"Stargazer | Disorganized Poet | Life Design | Outdoor Experiential Ed | Public Health | Higher Ed | Human-Centered | #ADHD #DesignOutside (tweets = mine)",FALSE,"Public health needs the public! 

Right now, my 71 yr old dad - retired dentist, cancer survivor, quad ❤️bypass las… https://t.co/Kv6nWWJxXe",NA
58722,"Proud supporter of President Donald J. Trump. #AmericaFirst #StandWithIsrael #LawAndOrder #NRA #Capitalism",TRUE,"The great vaccination farce: Twice vaccinated Boris Johnson ordered to self-isolate https://t.co/QpQoykme9o #COVID19 #Boris #CovidVaccine","'COVID19', 'Boris', 'CovidVaccine'"
50083,"Hourly updates on FREE and PAID 18+ and 45+ vaccine slot availability across #Bengaluru BBMP,URBAN & RURAL",TRUE,"45+ #BBMP #Bengaluru #CovidVaccine Availability for 30/01 at 02:30PM
FREE Slots 0
PAID Slots 0","'BBMP', 'Bengaluru', 'CovidVaccine'"
38421,"Correspondent @NDTV.Views expressed here are personal.",TRUE,"#CovidVaccine 
#India
#covishield 

@SerumInstIndia CEO @adarpoonawalla says

""""We'll give 50% of our vaccines to In… https://t.co/jg6EpM9Gzg","'CovidVaccine', 'India', 'covishield'"
67685,"We are education and training professionals here to serve you.",TRUE,"Get educational materials for kids and adult English language learners.

https://t.co/lZj9XHwih0

#education #esl #lessonplans #lessons #English #AcademicTwitter #academicWriting #backtoschool #CovidVaccine","'education', 'esl', 'lessonplans', 'lessons', 'English', 'AcademicTwitter', 'academicWriting', 'backtoschool', 'CovidVaccine'"
27829,"poet pediatrician professor doing #medhum #healthequity #ecolit. granddaughter of Downtown NOLA⚜️ literary rep @patricianels. RT≠opinions=own. she/her.",TRUE,"It's been almost 1 year since I decided to get the #COVIDvaccine while in my 2nd trimester of pregnancy, and I'm so glad I did.

But so many other pregnant folks and babies are still at risk from COVID. This is alarming: https://t.co/AohbbGiKSo","'COVIDvaccine'"
32244,"Bio-loading",TRUE,"My dance after vaccination on """"1st of September"""" #Rollout  #CovidVaccine #Covishield #VaccineRollOutSA https://t.co/bqpZCrYF4w","'Rollout', 'CovidVaccine', 'Covishield', 'VaccineRollOutSA'"
37394,"Big Education Ape(A. P.arent E.ngaged)
http://t.co/cJstP7dFqg
http://t.co/86v1LGgtpO",FALSE,"Big Education Ape: THE TOP BANANA: TODAY'S EDUCATION HEADLINES Sunday, January 31, 2021 #REDFORED #tbats… https://t.co/yPDilx6HyR","'REDFORED', 'tbats'"
75340,"Treehugging dirt worshipper thinking & living outside the box. Fitness/health nut. Gamer. Cannabis=medicine. Unfiltered. #PatientsNotProfits #1A #2A",TRUE,"Kim Iversen: OSHA SUSPENDS Biden's #CovidVaccine Mandate, SCATHING Court Opinion Calls It """"STAGGERINGLY Overbroad"""" https://t.co/L8bULy4xsF","'CovidVaccine'"
90848,"Moving forward and building a bridge into the future. Following, retweets and links do not constitute endorsement.",TRUE,"@XavierBecerra @DM_JusticeCan @MinJusticeEn @Puglaas @EU_Commission @WFP @UN_Women @lesoir @MSNBC @CP24 #COVID_19 C… https://t.co/9B7BKSaHiz","'COVID_19'"
11847,"The Center for African American Health gives preventative screenings, disease prevention & ailment management programs for the Black Community in Colorado!",TRUE,"Colorado is currently vaccinating eligible Coloradans for Phase 2 – the general public, 12 and over for the Pfizer vaccination.  #CovidVaccine #equityinhealthcare https://t.co/bytHQjsbU0","'CovidVaccine', 'equityinhealthcare'"
67425,"Taking action for freedom. Join our Cause and Make a Difference. #NotoVaccinePassports",TRUE,"Seeing the truth yet?
#GetVaccinated #GetTheShot #WearMasks #SocialDistance #WashHands #GetCovidTested #GetVaccinatedNow #Vaccination #Covid19Vaccination #DoIt #GetVaccinatedBeAmerican
#CovidVaccine #MandatoryVaccination #SchoolChoice  #orleg #orgov #orpol #StandUp4HumanRights https://t.co/DSoR9arEwi","'GetVaccinated', 'GetTheShot', 'WearMasks', 'SocialDistance', 'WashHands', 'GetCovidTested', 'GetVaccinatedNow', 'Vaccination', 'Covid19Vaccination', 'DoIt', 'GetVaccinatedBeAmerican', 'CovidVaccine', 'MandatoryVaccination', 'SchoolChoice', 'orleg', 'orgov', 'orpol', 'StandUp4HumanRights'"
21003,"#Conservative | #Constitution | @USTermLimits | #WeNeedANewParty              Politically Incorrect | Always Right ™",TRUE,"11/17/21 edition of my daily two-minute political talk radio feature #conservative #politics #talkradio #talkshow #podcast #children #covidvaccine #christians #vaccinemandates on #SoundCloud #np https://t.co/qk7FfCcZMC","'conservative', 'politics', 'talkradio', 'talkshow', 'podcast', 'children', 'covidvaccine', 'christians', 'vaccinemandates', 'SoundCloud', 'np'"
15690,NA,TRUE,"its really heart breaking to see news about people want to get vaccinated pero hindi ma accommodate lahat. most of the citizens willing mag pa vaccine so ang problema is yung pag rollout ng vaccine and yung limited na vaccine na dumarating sa bansa
#DeltaVariant 
#CovidVaccine","'DeltaVariant', 'CovidVaccine'"
28274,"#Father | #Digipreneuer | #Digitalization @SiemensHealth | #IoT | #SmartRemoteServices | #MedTech | #DigitalBusinessModel | #Dreamer | #Innovative | Views=Mine",TRUE,"Got boosted.... 

#COVIDBooster #GetVaccinated #FlattenTheCurve #CovidVaccine https://t.co/zkrwQvdhfI","'COVIDBooster', 'GetVaccinated', 'FlattenTheCurve', 'CovidVaccine'"
42538,".★ﾟ.No animal has more liberty than the 🐈.｡ﾟ★.
she/her/cat/no one's business ❌🐸👍🍞",TRUE,"Can #Canada get on getting us #Novavax? Phase 3 UK trials are done. Let's go, maybe we can be first 1-3 to get this?! It's whole spike protein as well vs pieces of it which might be best given #VariantsOfConcern.
#canpoli #CovidVaccine
https://t.co/MEvqFY7a2g","'Canada', 'Novavax', 'VariantsOfConcern', 'canpoli', 'CovidVaccine'"
80639,"There's so much to be grateful for, words are poor things. 🇺🇸",TRUE,"BA.2 Symptoms Usually Appear in This Order

#coronavirussymptoms #health #covidvaccine #coronavirustips #news #coronavirus
https://t.co/GOJIjzmQoR","'coronavirussymptoms', 'health', 'covidvaccine', 'coronavirustips', 'news', 'coronavirus'"
227,"News where you live. 
Share news tips: (804) 330-8888 or email us at news@wric.com 
Like us on Facebook: 8News",TRUE,"#COVID boosters now available for children ages 5 to 11 years old in #Virginia. https://t.co/Nm2JJKxPVf

#Health #Covid19 #COVIDvaccine #Virginianews","'COVID', 'Virginia', 'Health', 'Covid19', 'COVIDvaccine', 'Virginianews'"
44420,"Satire account for our waste of skin, make believe, entitled, criminal excuse for a Canadian Prime Minister ever 😡

👇🖕

#TrudeauRequiresJailtime",TRUE,"#OmicronVirus
#TrudeauNationalDisgrace
#TrudeauworstPMever
#TrudeauMustGo
#DEFundCBC
#TrudeauHasGotToGo
#WEScandal
#OmicronVariant
#Canada
#TrudeauCorruption
#CovidVaccine
#RapidAntigenTests

Sunwing https://t.co/mPy9ksYmhR","'OmicronVirus', 'TrudeauNationalDisgrace', 'TrudeauworstPMever', 'TrudeauMustGo', 'DEFundCBC', 'TrudeauHasGotToGo', 'WEScandal', 'OmicronVariant', 'Canada', 'TrudeauCorruption', 'CovidVaccine', 'RapidAntigenTests'"
93552,"Healthcare Worker ! Historian | Policy Analyst | World Explorer | Independent Thinker | NYC Health+Hospitals All opinions here are my own #HistoryMatters",TRUE,"#CovidVaccine is the perfect murder weapon because whoever died after #vaccination can’t be proved that they died due to one. But the fact remains that people died after #inoculation like a young #French man &amp; many others. #WarOnDrugs never ended. It just took on a new face.","'CovidVaccine', 'vaccination', 'inoculation', 'French', 'WarOnDrugs'"
32619,"Hourly updates on FREE and PAID 18+ and 45+ vaccine slot availability across #Bengaluru BBMP,URBAN & RURAL",TRUE,"45+ #BBMP #Bengaluru #CovidVaccine Availability for 16/08 at 10:30AM
FREE Slots 
#COVISHIELD - Dose1:28, Dose2:4
#COVAXIN - Dose1:3, Dose2:3
PAID Slots 
#COVISHIELD - Dose1:2390, Dose2:2353
#COVAXIN - Dose1:1486, Dose2:1417","'BBMP', 'Bengaluru', 'CovidVaccine', 'COVISHIELD', 'COVAXIN', 'COVISHIELD', 'COVAXIN'"
82194,"I love to snowboard in the winter and enjoy cottage life in the summer! Sports fan, mostly hockey! #GoSENSGo #hockeytwitter",TRUE,"Boosted! #CovidVaccine","'CovidVaccine'"
57263,"Andhravilas Gives you  #Tollywood #Bollywood film News,#AndhraPradesh #Telangana News,#National    #Health #Business  #Trending Visit
https://t.co/vJFjY4CwOT",TRUE,"Ghaziabad school shut for 3 days after 2 students test Covid positive https://t.co/psPQXJY0kv #CovidVaccine #Breakingnews #Indiapolitics #AndhraPolitics #NewsFeed #RadheShyam #coronaviruspandemic #memes 

Ghaziabad, April 11 - Two students studying at a private school here tes…","'CovidVaccine', 'Breakingnews', 'Indiapolitics', 'AndhraPolitics', 'NewsFeed', 'RadheShyam', 'coronaviruspandemic', 'memes'"
61592,"Forensic instructor/practioner and forever a student at heart. Never stop learning because life never stops teaching.",TRUE,"NM getaway, much needed #airbnb #CovidVaccine #NewMexico https://t.co/RTErDBCKqi","'airbnb', 'CovidVaccine', 'NewMexico'"
25131,"#BLM resource link below- (She/Her)
☮ #hippie✌ CEO of vibing // IG @ruby_robledo_",TRUE,"Again- I will reiterate the #CovidVaccine isn't a CURE nor does it stay in our system long-term. 😩 https://t.co/3aNWIywV3B","'CovidVaccine'"
19430,"All the tweets for breaking news & views.
Facebook: https://t.co/2JWnDQzN07
Telegram: https://t.co/zH3RWQyEo4",TRUE,"42-year-old Deepak Marawi from Bhopal dies nine days after being administered #Covaxin as a part of its clinical tr… https://t.co/xOted8RuyC","'Covaxin'"
22022,"Pro pineapple on pizza",TRUE,"Missed out on the opportunity to yell “one hundred and eiiiiighty” when I got my booster jab #nhs #CovidVaccine","'nhs', 'CovidVaccine'"
56762,"Medical News from Around the World",TRUE,"@medrxivpreprint Immunogenicity to BNT162b2 booster in adults who had previously received inactivated COVID-19 vaccination https://t.co/l8coo1CWbh @medrxivpreprint #immunogenicity #booster #thirdvaccine #vaccine #vaccination #covidvaccine #COVID19 #coronavirus #covid","'immunogenicity', 'booster', 'thirdvaccine', 'vaccine', 'vaccination', 'covidvaccine', 'COVID19', 'coronavirus', 'covid'"
21331,"I'm a proud mommy to a beautiful daughter and a handsome son! Professionally providing software quality assurance since 2008.",TRUE,"Lafayette folks! PayLess at the mall will take your name and give you a call if they have unused #covidvaccine dose… https://t.co/QLSxQANSIm","'covidvaccine'"
17371,"Family man, outdoorsman, huge sports fan. Looking for the humanity in people. Speaks up for those who has no voice. Protects those who can’t defend themselves.",TRUE,"Scientists were the one’s responsible for developing the #CovidVaccine.  Our government and @realDonaldTrump are re… https://t.co/2Qsz8dLK5O","'CovidVaccine'"
45589,"My goal is to make you uncomfortable. Hit me up on TikTok @TooTurntDad",TRUE,"Motherfuckers are bitching about a #CovidVaccine but have no problem taking a Flu shot. These are also the same peo… https://t.co/RBoWlIhoaG","'CovidVaccine'"
90816,"We are dedicated to the highest standards of patient care, education and research. Please allow up to  24 hours to reply to @ messages. https://t.co/pIEGpa5Vql",TRUE,"Penn Medicine is hosting two FREE #COVIDvaccine community clinics this Friday and Saturday! Walk-ins welcome or register in advance. Pediatric appointments available. https://t.co/mVl5aO5dRH","'COVIDvaccine'"
55760,"Premier Patient Friendly 24/7 Multi-Speciality Pre-Hospital, Clinic&Acute Care Facility at Whitefield, Bangalore. 
Contact: +91 901 409 1111
Email: info@rxdx.in",TRUE,"https://t.co/wI6bxCO560

If you wish to get vaccinated with COVAXIN instead (Whitefield branch only), please book your slot accordingly.

#COVID19 #covishieldindia #shortage #nocovishield #rxdx #bangalore #covidvaccine #vaccination","'COVID19', 'covishieldindia', 'shortage', 'nocovishield', 'rxdx', 'bangalore', 'covidvaccine', 'vaccination'"
21225,"Hourly updates on FREE and PAID 18+ and 45+ vaccine slot availability across #Bengaluru BBMP,URBAN & RURAL",TRUE,"18-44 #URBAN #Bengaluru #CovidVaccine Availability for 21/11 at 02:00PM
FREE Slots 0
PAID Slots 
#COVISHIELD - Dose1:446, Dose2:381
#COVAXIN - Dose1:447, Dose2:446","'URBAN', 'Bengaluru', 'CovidVaccine', 'COVISHIELD', 'COVAXIN'"
82147,"Offering all elements of HR with knowledge in UK & US employment law. We want to help your business succeed.",TRUE,"Companies need to consider protecting all stakeholders. What safety measures are you putting in place?
#safety #workplace #socialresponsibility #LongCovid #CovidVaccine #VariantDelta #VariantsOfConcern #safe #returntotheoffice #HR #employees #uk #London 
https://t.co/Yfj7pPGzB5","'safety', 'workplace', 'socialresponsibility', 'LongCovid', 'CovidVaccine', 'VariantDelta', 'VariantsOfConcern', 'safe', 'returntotheoffice', 'HR', 'employees', 'uk', 'London'"
99424,"Hourly updates on FREE and PAID 18+ and 45+ vaccine slot availability across #Bengaluru BBMP,URBAN & RURAL",TRUE,"18-44 #BBMP #Bengaluru #CovidVaccine Availability for 13/12 at 01:00PM
FREE Slots 
#COVISHIELD - Dose1:8958, Dose2:5462
#COVAXIN - Dose1:4951, Dose2:5412
PAID Slots 
#COVISHIELD - Dose1:7319, Dose2:3710
#COVAXIN - Dose1:3652, Dose2:3680
#SPUTNIKV - Dose1:294, Dose2:136","'BBMP', 'Bengaluru', 'CovidVaccine', 'COVISHIELD', 'COVAXIN', 'COVISHIELD', 'COVAXIN', 'SPUTNIKV'"
90746,"Disabled from a bad work accident bored 95% of my day so made a Twitter don’t take what I say seriously 50% of the time",TRUE,"@RealCandaceO Have you heard the #NFL is firing people for refusing to get the #CovidVaccine So far 2 coaches have been fired for refusing to get this vaccination. Since when is this mandatory since when do people loose there right to choose. This isn’t land of the free anymore https://t.co/jwT0uSCy4L","'NFL', 'CovidVaccine'"
97161,"Minä olla suuri intiaanipaallikko. 
Heimokulttuuria ja hengenheimolaisia",TRUE,"@lindttii @SuneLang March 30, 2022
US FDA approves fifth #Covidvaccine #booster shots for 50 and older
The US Food and Drug Administration has approved a fifth #Covid_19 booster shot of #Pfizer-#BioNTech or #Moderna for people aged over 50 and some immunocompromised individuals

#Koronafi @LindenAki","'Covidvaccine', 'booster', 'Covid_19', 'Pfizer', 'BioNTech', 'Moderna', 'Koronafi'"
7275,"Hourly updates on FREE and PAID 18+ and 45+ vaccine slot availability across #Bengaluru BBMP,URBAN & RURAL",TRUE,"18-44 #URBAN #Bengaluru #CovidVaccine Availability for 24/02 at 05:00PM
FREE Slots 0
PAID Slots 
#COVISHIELD - Dose1:842, Dose2:9
#SPUTNIKV - Dose1:30, Dose2:0","'URBAN', 'Bengaluru', 'CovidVaccine', 'COVISHIELD', 'SPUTNIKV'"
78186,NA,TRUE,"Mom got her first #CovidVaccine","'CovidVaccine'"
9490,"Member of the Conservative Party, part of the 50:50 campaign to get more women elected to parliament. Fully support @borisjohnson doing a difficult job",TRUE,"Just had my 1st jab, was pain free and I'm glad to have had it. 
Please if you are offered it, take it… https://t.co/E5USBznIQg",NA
56139,"Passionate about connecting employers, providers, and individuals to the tools they need to attain optimal health. Right now, focused on our #COVID19 platform",TRUE,"I Got a Trial Covid-19 Vaccine. Do I Still Have to Wear a Mask? @nytimes #covid19 #covidvaccine #wearamask… https://t.co/e5RmXrXMGN","'covid19', 'covidvaccine', 'wearamask'"
88420,"Hourly updates on FREE and PAID 18+ and 45+ vaccine slot availability across #Bengaluru BBMP,URBAN & RURAL",TRUE,"45+ #URBAN #Bengaluru #CovidVaccine Availability for 16/04 at 05:30PM
FREE Slots 0
PAID Slots 0","'URBAN', 'Bengaluru', 'CovidVaccine'"
30686,NA,TRUE,"Mo Salah:

“These are doctors who have been studying and working on medicine for years. If I said vaccinations were wrong, it would be like random people on the street telling me how to play football. If the WHO say it’s right, we must follow them.”
#LFC  #COVID19  #CovidVaccine","'LFC', 'COVID19', 'CovidVaccine'"
16475,"A fish that is afraid of drowning in a river is ignorant of its gifts.",TRUE,"Virus Expert Warns Omicron is """"Almost Definitely Here Already""""

#coronavirustips #covidvaccine #health #news #coronavirus
https://t.co/zf2OynXcf4","'coronavirustips', 'covidvaccine', 'health', 'news', 'coronavirus'"
31519,"IPL Lover😉",TRUE,"@realpreityzinta I dont trust #CovidVaccine...even cases in our Country are increasing coz of this vaccine...Useless vaccine 💉","'CovidVaccine'"
10333,"EM doc @BaystateEM |@EMresearchUMMSB fellowship director |@AnnalsofEM SoMe editor |@FOAMpodcast co-founder #FOAMed |#impsci |🏳️‍🌈she/her #LGBTQinMedicine",TRUE,"I spoke out about my decision to get a  #CovidVaccine in pregnancy (+ our decision aids https://t.co/dRRGN7DE1H) to… https://t.co/2Paark0A8N","'CovidVaccine'"
50780,"❤️ID channel, 😻animals, 💃dancing. Married to the right man🎉.   @TheBrightonBeat 🎺 @MrCliffordBand 🍫 @BrianRigbyBand🎸@AFAStudio  #FBR #ONEV1 Z29 Z2",TRUE,"You don't necessarily have to go to the doctor or hospital to get vaccinated.

Creativity is the key to reaching mo… https://t.co/Q0fOpMkJNZ",NA
62907,"If you wanna change the world don’t be loud be loved.",TRUE,"2nd dose done.  #moderna #covidvaccine https://t.co/Y84fnriGm3","'moderna', 'covidvaccine'"
52087,"Hello friends join me....? 💯 💯 💯 follow back          other social links.instagram @alamgir_07 Instagram @food.heaven07 Instagram @life_and_nature7",TRUE,"#Good4U #CopaAmerica #VACCINE #COVID19 #CopaAmerica2021 #CovidVaccine #cameronherrin #EURO2020 #exoxgot7 #Euro2021 #morningmotivation #life #nature 
good morning everyone","'Good4U', 'CopaAmerica', 'VACCINE', 'COVID19', 'CopaAmerica2021', 'CovidVaccine', 'cameronherrin', 'EURO2020', 'exoxgot7', 'Euro2021', 'morningmotivation', 'life', 'nature'"
92793,"Providing behavioral science based litigation and political campaign strategies. Quietly becoming the premier political consulting firm of Florida.",TRUE,"Moving closer and closer to getting the job done.

#HerdImmunity 
#CovidVaccine 
#OrangeCounty https://t.co/YeA1dYUoMf","'HerdImmunity', 'CovidVaccine', 'OrangeCounty'"
46881,"Father, veteran, pro-choice, pro-gun, and generally an average joe #InformedConsent",TRUE,"@chicagosmayor And are you providing these communities with appropriate information about the vaccine? Are you expl… https://t.co/8qPQPy6rSV",NA
20929,"African| Researcher| PhD Health Economics| Plain talk| Views are my own| Work: African Constituencies Bureau - For the Global Fund | COVID19 on my mind",TRUE,"While the #CovidVaccine donation is welcome, what about the #coldchain?
Hoping #African countries will use the next month or so to get freezers and train people who will vaccinate so those vaccine rollout scaleups work! @acb4gf @AfricaCDC @WHOAFRO
https://t.co/Xx6WO1WmNS","'CovidVaccine', 'coldchain', 'African'"
99998,"#PanActivist #Innovator  #AppTester
#Africa #BLM  #BMHM
 An African Nationalist,Political Engineer,Security ,and Social  Scientist
@AfricaRepublic @Alkebulan_",TRUE,"Drug regulator denies Covid-19 vaccine link after elderly Swiss person dies after taking a shot
They are good at pl… https://t.co/2Q3l8S0p6f",NA
90510,"Official Twitter feed of Sam FM Bristol. Listen on 106.5fm. The home of Kam Kelly at Breakfast and Downsy at Drive.",TRUE,"NEWS: The first people have begun being processed at the new mass vaccination centre at Ashton Gate stadium in… https://t.co/oc2TIjBqkg",NA
29276,"(she/her)",TRUE,"Appointment booked! Feeling very grateful and relieved for my child to receive their 1st dose! Thank you, science. #CovidVaccine #vaccination #GetVaccinated #VaccinesWork","'CovidVaccine', 'vaccination', 'GetVaccinated', 'VaccinesWork'"
69017,"Shanghai JPS Dental has been exporting dental products to more than 60 countries. 
Aims to be one of the best product suppliers in China in the next decade.",TRUE,"@jps_medical @YouTube Please check this out😇
#vaccines #COVID19 #CovidVaccine #injections #health","'vaccines', 'COVID19', 'CovidVaccine', 'injections', 'health'"
7260,"Hourly updates on FREE and PAID 18+ and 45+ vaccine slot availability across #Bengaluru BBMP,URBAN & RURAL",TRUE,"18-44 #RURAL #Bengaluru #CovidVaccine Availability for 22/04 at 08:00AM
FREE Slots 
#COVISHIELD - Dose1:103, Dose2:100
PAID Slots 0","'RURAL', 'Bengaluru', 'CovidVaccine', 'COVISHIELD'"
78077,NA,TRUE,"https://t.co/W4gTRyiB3R

Go to https://t.co/88NOMRbjWP &amp; use the promo code TrumpWon to save up to 66% off!

#FrankSpeech #LindellTV #MyPillow #Covidvaccine #Vaccine #DonaldJTrump #Trump #PresidentTrump #forcedvaccination #vaccinemandate #2020election #VoterFraud #diamondandsilk","'FrankSpeech', 'LindellTV', 'MyPillow', 'Covidvaccine', 'Vaccine', 'DonaldJTrump', 'Trump', 'PresidentTrump', 'forcedvaccination', 'vaccinemandate', '2020election', 'VoterFraud', 'diamondandsilk'"
92023,"Intuitive researcher #Literature #DivineFeminine. #AAPI
#Indigenous 
#BlackLivesMatter #Ecofeminism
#AntiWar
#BioIntegrity vs.#BioColonialism",TRUE,"@JustinTrudeau Many notable """"sudden and unexpected"""" and """"before their time"""" deaths since the start of  #Covidvaccine #VaccineMandate.  58 is the new 85?","'Covidvaccine', 'VaccineMandate'"
17367,"England wide covid Info, on a daily basis
Cases - Based on 'Date reported' 
Deaths - Based on 'Within 28 days'",TRUE,"Would you get the covid 19 Vaccine? 

#Covid_19 #CovidVaccine #coronavirusuk #LockdownChaos","'Covid_19', 'CovidVaccine', 'coronavirusuk', 'LockdownChaos'"
47668,"Theme Lead @uoftmedicine/ PhD student @ihpmeuoft / Lecturer @uoftpharmacy
Interested #collaboration #healthcare #pharmacy.  I talk about food a lot. My opinions",TRUE,"Great overview &amp; counseling points for people who are Astra Zeneca #CovidVaccine especially in “hotspots” where hig… https://t.co/9FRhnsl6MZ","'CovidVaccine'"
96593,"Committed to raise the profile of Mental Health issues. Determined to support the many,against the chosen few.",FALSE,"Hide and seek Champions........Lord Lucan...The chap from number 21,who went out for a packet of fags 10 years ago.… https://t.co/7UBm3VA5b3",NA
23676,"Prof of Renal Med @ImperialCollege @ImperialNHS @womeninnephro exec. Moved by lupus nephritis,pregnancy & kidney disease, health inequity, kindness.Views my own",FALSE,"@aishaikh @frank_dor @gurchrandhawa @SinhaSanj @gratefull080504 @UniofOxford @OxfordVacGroup @OxfordRenalUnit… https://t.co/U8mnD5npqJ",NA
99384,"Freelance Health Writer 🧬 Fangirl of science/medicine/journalism. Blood type: coffee.",TRUE,"This will be me. On Tuesday. #CovidVaccine #ICantWaitToGetVaccinated 

 https://t.co/0IJ1WV1vry https://t.co/F2FWVwYPpH","'CovidVaccine', 'ICantWaitToGetVaccinated'"
59865,"The Nazis were arrogant bastards, just like Republicans and Trumpers, who thought they were Masters of the Universe, until they had their asses handed to them.",TRUE,"@fawfulfan I strongly encourage Republicans to stand by their principles and refuse the #CovidVaccine.

It’s totally obvious that God wants you to die or be impotent. Do your duty and die for God and Country.

I promise to visit your graves!

#COVID19 @SenRonJohnson @MarshaBlackburn @GOP https://t.co/ghTs20Psvx","'CovidVaccine', 'COVID19'"
18492,NA,TRUE,"Rose Webster here. RIP Ivana Trump 

""""She was found unconscious near a staircase in the home, the people said. The medical examiner’s office will determine an official cause of death.""""

Did she get a #safeandeffective #CovidVaccine? Perhaps it contributed? https://t.co/VEtouUqsRS","'safeandeffective', 'CovidVaccine'"
87607,"Lord of the Rings was a premonition

We must throw aside our racial and historical grievances

Recognise the good we all stand for

And oppose China's CCP",TRUE,"Ha I've been going on about this recently to family

Midgets don't need to wear masks, since they're always below the #COVID19 stream, which must begin about 4 1/2 foot

We've had to abandon logic and common sense to support a ridiculous narrative

#CovidVaccine #CCP #China https://t.co/wKK5OUtF3H","'COVID19', 'CovidVaccine', 'CCP', 'China'"
74518,"The Truth Must Come Out And Be Told. We Can Not Allow Our Freedom To Be Denied. We Are Fighting For Our Way Of Life.",TRUE,"FACT: There is no COVID vaccine available that has been granted FDA approval.  They're all ONLY available under designation for 'Emergency Use Authorization'.

And according to the Emergency Use Authorization statute, Americans have 'the option to accept or refuse"""" #CovidVaccine","'CovidVaccine'"
83979,"Q :What's Twitter ??

A: It's that bit of skin between your Twat and your Shitter !!",TRUE,"Ok iv been to Centennial Park Cemetery and apart from the odd fresh grave there's no rows of fresh graves being dug however I do believe America poisoned their own first #graves #covid #COVIDVACCINE https://t.co/HA9G8BDODU","'graves', 'covid', 'COVIDVACCINE'"
71667,"Mobile-first digital news platform. We are the signal over the noise! Write to us at editor@thequint.com.",TRUE,"⚡️ “Is India Facing a Shortage in #COVIDVaccine Supply? What We Know”

https://t.co/fYAXjHtD5P","'COVIDVaccine'"
97403,"mum of 2, Community nurse/wound care.
 Big interest in support for family/community carers.",TRUE,"Absolutely brilliant news. Finally some real hope.  All hands on deck now to get as many as possible vaccinated ove… https://t.co/hnI4umLNMT",NA
40729,"We're focused on making a difference to the quality of lives and health of the people in the city. We plan and buy health services for Portsmouth.",TRUE,"💉 You can walk in to Stamshaw and Tipner Community Centre between 11am and 4pm today (13 March) to get your first, second, or booster #covidvaccine - no appointment needed!

Full details: https://t.co/2cC5Dw8ps0 https://t.co/qpItU79RxB","'covidvaccine'"
40779,"Chair @WIMSummit| CEO @IMPACT4hc |@WomenInOnc Med Editor| #GIOnc @UIHealth |Medical News Contributor ✍🏽📺 | #OncologyOverdrive |#TwinMom | #WIMStrongerTogether",TRUE,"My 7yo just got her #flushot and said “That was so cool!” Now she is excitedly awaiting when she can get #covidvaccine","'flushot', 'covidvaccine'"
22480,"Simplying MVP development for your next startup!",TRUE,"ViralFacts #12. Amoebas turn out to be great places to seek out new viruses. They like to swallow big things and so serve as a kind of mixing bowl where viruses and bacteria can swap genes. #COVIDVaccine #stayhomestaysafe #gooutsafe #stayhome #Coronavirus #VaccinesWork https://t.co/OEo6lXKEOG","'COVIDVaccine', 'stayhomestaysafe', 'gooutsafe', 'stayhome', 'Coronavirus', 'VaccinesWork'"
50696,"Let's Go Noles! I love to read all the strange random thoughts of my favorite peeps out there. Using my talents for good not evil. Mostly. Prosthetist by day.",TRUE,"Putin allegedly gave the vaccine to his daughter. #CovidVaccine https://t.co/3X9S1RdORB","'CovidVaccine'"
84310,NA,TRUE,"https://t.co/i7cnQMWWS5

Please go to https://t.co/88NOMRbjWP and use the promo code NEWMAN to save up to 66% off!

#FrankSpeech #LindellTV #MyPillow #Covidvaccine  #DonaldJTrump #Trump #PresidentTrump #forcedvaccination #vaccinemandate #2020election #VoterFraud #alexnewman","'FrankSpeech', 'LindellTV', 'MyPillow', 'Covidvaccine', 'DonaldJTrump', 'Trump', 'PresidentTrump', 'forcedvaccination', 'vaccinemandate', '2020election', 'VoterFraud', 'alexnewman'"
43324,"PhD @UofT| Scientist |Science communicator| @ScienceUpFirst @COVID_19_Canada |Founder: @gradwriteslack| Advocate #EDI #BIPOC |Speaker 🇬🇾🇨 (she/her)",TRUE,"Really love this message from a neighborhood church.
Community &amp; faith leaders doing their part to encourage #publichealth safety by protecting our loved ones.
#CovidVaccine #COVID19 https://t.co/7QjUyT9LiW","'publichealth', 'CovidVaccine', 'COVID19'"
57458,NA,TRUE,"Omicron variant appears to 'evade'  protection from COVID vaccines, Fauci says https://t.co/oTlYnC358S via @nypost #Omicron #OmicronAlert #OmicronIsComing #OmicronVariant #CovidVaccine #VaccinesWork #vaccination #GetVaccinatedNow #GetVaccinated #GetVaxxed","'Omicron', 'OmicronAlert', 'OmicronIsComing', 'OmicronVariant', 'CovidVaccine', 'VaccinesWork', 'vaccination', 'GetVaccinatedNow', 'GetVaccinated', 'GetVaxxed'"
50575,"Blessed to live in the USA. Attorney at De Castroverde Law Group. Dream Team.",TRUE,"It is outrageous that Nevada is doing this bad with administering the #CovidVaccine. We are “second to last in the… https://t.co/TNXfk6XVdo","'CovidVaccine'"
16661,"⛹🏽‍♀️PE and Science teacher🧬 Gymnastics coach at Beth Tweddle Gymnastics🤸🏽‍♀️ Currently on supply seeking full time employment 🏫",TRUE,"Did you have side effects from the COVID-19 Vaccine? 💉 Please reply with your experiences 🦠

#COVID19 #COVIDVaccine… https://t.co/1SknSR2VhX","'COVID19', 'COVIDVaccine'"
26727,"Stay Safe",TRUE,"#Florida should show how #CovidVaccine works against #B117 #COVID19 https://t.co/xini2K4qxl","'Florida', 'CovidVaccine', 'B117', 'COVID19'"
80799,"New business dev. for @PATHtweets, based in Hanoi. @PRDU_York grad. Gender equality, public health, horses, cats, karaoke, Brit humour. Views my own. She/Her.",TRUE,"My grandmother, mum, and dad have all had the #COVIDvaccine now. I’m so relieved they are better protected (althoug… https://t.co/IN4Bm5wtea","'COVIDvaccine'"
95908,""""" people that elect corrupt politicians, imposters, thieves and traitors are not victims, but accomplices."""" -Orwell",TRUE,"@globalnews """"#Trudeau knew about problems with the deal to develop a #COVID-19 vaccine with a Chinese firm within d… https://t.co/m5xpid5cl4","'Trudeau', 'COVID'"
48434,"SARS-CoV-2 Researcher, NHS
Hon Research Fellow, Lund Uni
PhD Nutrition & Metabolism
Tweets: nutrition, health, (pseudo)science, academia, open science, activism",TRUE,"they keep harping on about FAKE risks, whilst ignoring the REAL risks. 

there are probably more vaccine injuries than we are aware of, but the risks of the #CovidVaccine are far outweighed by the benefits (as far as i can tell so far at least)","'CovidVaccine'"
32659,NA,TRUE,"#ScottyFromMarketing can't be trusted on so many issues of national importance.
From #BushFires to #CovidVaccine to #BiloelaFamily

And just look at the way this bludger holds a beer.
He's not worthy of being our Prime Mister.

#sQomo https://t.co/OqZQIlYNAm","'ScottyFromMarketing', 'BushFires', 'CovidVaccine', 'BiloelaFamily', 'sQomo'"
27868,"24. my tweets are my own.",TRUE,"yall are ingesting a product where the makers are exempt from responsibility if said product injures anybody. whens the last time you weren't able to sue a company if they injured you with their product? if u get sick from any food you can sue? but not the vax? #CovidVaccine","'CovidVaccine'"
